[{"id":122704046,"title":"Blog Template","order":1,"templateKey":"blog","customTemplate":false,"customTemplateFilename":null,"pageLinks":[],"dateCreated":"2024-01-08T13:10:46.045Z","dateUpdated":"2024-01-08T13:10:54.625Z","folderId":null,"pageName":"Blog Template","sectionCount":1,"status":2},{"id":2857120991,"title":"Post Template","order":2,"templateKey":"post","customTemplate":false,"customTemplateFilename":null,"pageLinks":[],"dateCreated":"2024-01-08T13:10:46.164Z","dateUpdated":"2024-01-08T13:10:54.625Z","folderId":null,"pageName":"Post Template","sectionCount":1,"status":2},{"id":2977700004,"title":"Product List Template","order":3,"templateKey":"products","customTemplate":false,"customTemplateFilename":null,"pageLinks":[],"dateCreated":"2024-01-08T13:10:46.289Z","dateUpdated":"2024-01-08T13:10:54.625Z","folderId":null,"pageName":"Product List Template","sectionCount":1,"status":2},{"id":78013844,"title":"Product Details Template","order":4,"templateKey":"product","customTemplate":false,"customTemplateFilename":null,"pageLinks":[],"dateCreated":"2024-01-08T13:10:46.458Z","dateUpdated":"2024-01-08T13:10:54.626Z","folderId":null,"pageName":"Product Details Template","sectionCount":1,"status":2},{"id":513824004,"title":"Shopping Cart Template","order":5,"templateKey":"cart","customTemplate":false,"customTemplateFilename":null,"pageLinks":[],"dateCreated":"2024-01-08T13:10:46.586Z","dateUpdated":"2024-01-08T13:10:54.626Z","folderId":null,"pageName":"Shopping Cart Template","sectionCount":1,"status":2},{"id":576519235,"title":"Login Template","order":7,"templateKey":"login","customTemplate":false,"customTemplateFilename":null,"pageLinks":[],"dateCreated":"2024-01-08T13:10:46.720Z","dateUpdated":"2024-01-08T13:10:54.626Z","folderId":null,"pageName":"Login Template","sectionCount":1,"status":2},{"id":4052841,"title":"Password Template","order":8,"templateKey":"password","customTemplate":false,"customTemplateFilename":null,"pageLinks":[],"dateCreated":"2024-01-08T13:10:46.786Z","dateUpdated":"2024-01-08T13:10:54.626Z","folderId":null,"pageName":"Password Template","sectionCount":1,"status":2},{"id":278953103,"title":"404 Not Found Template","order":9,"templateKey":"404","customTemplate":false,"customTemplateFilename":null,"pageLinks":[],"dateCreated":"2024-01-08T13:10:46.848Z","dateUpdated":"2024-01-08T13:10:54.626Z","folderId":null,"pageName":"404 Not Found Template","sectionCount":1,"status":2},{"id":49206263,"title":"Thank You Template","order":10,"templateKey":"ThankYou","customTemplate":false,"customTemplateFilename":null,"pageLinks":[],"dateCreated":"2024-01-08T13:10:46.902Z","dateUpdated":"2024-01-08T13:10:54.626Z","folderId":null,"pageName":"Thank You Template","sectionCount":1,"status":2},{"id":66630978,"title":"Casa","order":50,"templateKey":null,"customTemplate":false,"customTemplateFilename":null,"pageLinks":[],"dateCreated":"2024-01-08T13:19:44.126Z","dateUpdated":"2024-01-08T16:32:56.666Z","folderId":null,"pageName":"Casa_66630978","sectionCount":7,"status":2}]